doc,sentence,token,pos,prev,next,tag
doc:1,1,“pencurian,NOUN,.,dengan,B_CRIA
doc:1,2,dengan,ADP,“pencurian,pemberatan”,I_CRIA
doc:1,3,pemberatan”,PUNCT,dengan,6,E_CRIA
doc:1,4,6,NUM,pemberatan”,(enam),B_PENA
doc:1,5,(enam),PUNCT,6,bulan,I_PENA
doc:1,6,bulan,NOUN,(enam),berdy,E_PENA
doc:1,7,berdy,PUNCT,bulan,despar,B_PROS
doc:1,8,despar,PUNCT,berdy,magrhobi,I_PROS
doc:1,9,magrhobi,PUNCT,despar,s.h,I_PROS
doc:1,10,s.h,PUNCT,magrhobi,joni,E_REGI
doc:1,11,joni,PROPN,s.h,setiawan,B_DEFN
doc:1,12,setiawan,PROPN,joni,bin,I_DEFN
doc:1,13,bin,PROPN,setiawan,sugianto,I_DEFN
doc:1,14,sugianto,PROPN,bin,aldi,E_DEFN
doc:1,15,aldi,PROPN,sugianto,jailani,B_DEFN
doc:1,16,jailani,PROPN,aldi,bin,I_DEFN
doc:1,17,bin,PROPN,jailani,mohammad,I_DEFN
doc:1,18,mohammad,PROPN,bin,ibrahim,I_DEFN
doc:1,19,ibrahim,PROPN,mohammad,“pencurian,E_DEFN
doc:2,20,“pencurian,NOUN,ibrahim,yang,B_CRIA
doc:2,21,yang,PRON,“pencurian,dilakukan,I_CRIA
doc:2,22,dilakukan,VERB,yang,secara,I_CRIA
doc:2,23,secara,ADP,dilakukan,berlanjut”,I_CRIA
doc:2,24,berlanjut”,PUNCT,secara,melanggar,I_CRIA
doc:2,25,melanggar,VERB,berlanjut”,pasal,I_CRIA
doc:2,26,pasal,NOUN,melanggar,362,I_ARTV
doc:2,27,362,NUM,pasal,kuhp,I_ARTV
doc:2,28,kuhp,NOUN,362,jo,E_ARTV
doc:2,29,jo,PROPN,kuhp,pasal,I_ARTV
doc:2,30,pasal,NOUN,jo,64,I_ARTV
doc:2,31,64,NUM,pasal,ayat,I_ARTV
doc:2,32,ayat,NOUN,64,(1),I_ARTV
doc:2,33,(1),PUNCT,ayat,kuhp,I_ARTV
doc:2,34,kuhp,NOUN,(1),2,E_ARTV
doc:2,35,2,NUM,kuhp,(dua),B_PENA
doc:2,36,(dua),PUNCT,2,tahun,I_PENA
doc:2,37,tahun,NOUN,(dua),“pencurian,E_PENA
doc:2,38,“pencurian,NOUN,tahun,yang,B_CRIA
doc:2,39,yang,PRON,“pencurian,dilakukan,I_CRIA
doc:2,40,dilakukan,VERB,yang,secara,I_CRIA
doc:2,41,secara,ADP,dilakukan,berlanjut”,I_CRIA
doc:2,42,berlanjut”,PUNCT,secara,dewi,I_CRIA
doc:2,43,dewi,NOUN,berlanjut”,ika,B_PROS
doc:2,44,ika,PROPN,dewi,agsutina,I_PROS
doc:2,45,agsutina,PUNCT,ika,s.h,I_PROS
doc:2,46,s.h,PUNCT,agsutina,muhammad,E_REGI
doc:2,47,muhammad,PROPN,s.h,sanusi,B_DEFN
doc:2,48,sanusi,PROPN,muhammad,bin,I_DEFN
doc:2,49,bin,PROPN,sanusi,marju,I_DEFN
doc:2,50,marju,PUNCT,bin,"""pencurian",E_DEFN
doc:3,51,"""pencurian",NOUN,marju,dengan,B_CRIA
doc:3,52,dengan,ADP,"""pencurian",pemberatan”,I_CRIA
doc:3,53,pemberatan”,PUNCT,dengan,sebagaimana,I_CRIA
doc:3,54,sebagaimana,SCONJ,pemberatan”,diatur,I_CRIA
doc:3,55,diatur,VERB,sebagaimana,dan,I_CRIA
doc:3,56,dan,CCONJ,diatur,diancam,I_ARTV
doc:3,57,diancam,VERB,dan,pidana,I_CRIA
doc:3,58,pidana,NOUN,diancam,dalam,I_CRIA
doc:3,59,dalam,ADP,pidana,pasal,I_CRIA
doc:3,60,pasal,NOUN,dalam,363,B_ARTV
doc:3,61,363,NUM,pasal,ayat,I_ARTV
doc:3,62,ayat,NOUN,363,(1),I_ARTV
doc:3,63,(1),PUNCT,ayat,ke-3,I_ARTV
doc:3,64,ke-3,NUM,(1),dan,I_ARTV
doc:3,65,dan,CCONJ,ke-3,ke-4,I_ARTV
doc:3,66,ke-4,NUM,dan,kuhp,I_ARTV
doc:3,67,kuhp,NOUN,ke-4,2,E_ARTV
doc:3,68,2,NUM,kuhp,(dua),B_PENA
doc:3,69,(dua),PUNCT,2,tahun,I_PENA
doc:3,70,tahun,NOUN,(dua),5,I_PENA
doc:3,71,5,NUM,tahun,(lima),I_PENA
doc:3,72,(lima),PUNCT,5,bulan,I_PENA
doc:3,73,bulan,NOUN,(lima),pencurian,E_PENA
doc:3,74,pencurian,NOUN,bulan,dalam,B_CRIA
doc:3,75,dalam,ADP,pencurian,keadaan,I_CRIA
doc:3,76,keadaan,NOUN,dalam,memberatkan,I_PUNI
doc:3,77,memberatkan,VERB,keadaan,anjar,E_PUNI
doc:3,78,anjar,PROPN,memberatkan,purbo,B_PROS
doc:3,79,purbo,PROPN,anjar,sasongko,I_PROS
doc:3,80,sasongko,PROPN,purbo,s.h..,I_PROS
doc:3,81,s.h..,PUNCT,sasongko,m.h.,E_REGI
doc:3,82,m.h.,PUNCT,s.h..,sebagai,I_PROS
doc:3,83,sebagai,ADP,m.h.,ababil,E_PROS
doc:3,84,ababil,PROPN,sebagai,bin,B_DEFN
doc:3,85,bin,PROPN,ababil,mufri,I_DEFN
doc:3,86,mufri,PUNCT,bin,“tanpa,E_DEFN
doc:4,87,“tanpa,ADP,mufri,mendapat,B_CRIA
doc:4,88,mendapat,VERB,“tanpa,izin,I_CRIA
doc:4,89,izin,NOUN,mendapat,dengan,I_CRIA
doc:4,90,dengan,ADP,izin,sengaja,I_CRIA
doc:4,91,sengaja,VERB,dengan,menawarkan,I_CRIA
doc:4,92,menawarkan,VERB,sengaja,atau,I_CRIA
doc:4,93,atau,CCONJ,menawarkan,memberikan,I_CRIA
doc:4,94,memberikan,VERB,atau,kesempatan,I_CRIA
doc:4,95,kesempatan,NOUN,memberikan,untuk,I_CRIA
doc:4,96,untuk,SCONJ,kesempatan,permainan,I_CRIA
doc:4,97,permainan,NOUN,untuk,judi,I_CRIA
doc:4,98,judi,NOUN,permainan,dan,I_CRIA
doc:4,99,dan,CCONJ,judi,menjadikannya,I_CRIA
doc:4,100,menjadikannya,VERB,dan,sebagai,I_CRIA
doc:4,101,sebagai,ADP,menjadikannya,"pencarian,",I_CRIA
doc:4,102,"pencarian,",PUNCT,sebagai,atau,I_CRIA
doc:4,103,atau,CCONJ,"pencarian,",dengan,I_CRIA
doc:4,104,dengan,ADP,atau,sengaja,I_CRIA
doc:4,105,sengaja,VERB,dengan,turut,I_CRIA
doc:4,106,turut,ADV,sengaja,serta,I_CRIA
doc:4,107,serta,CCONJ,turut,dalam,I_CRIA
doc:4,108,dalam,ADP,serta,suatu,I_CRIA
doc:4,109,suatu,DET,dalam,perusahaan,I_CRIA
doc:4,110,perusahaan,NOUN,suatu,untuk,I_CRIA
doc:4,111,untuk,SCONJ,perusahaan,itu”,I_CRIA
doc:4,112,itu”,PUNCT,untuk,1,E_CRIA
doc:4,113,1,NUM,itu”,(satu),B_PENA
doc:4,114,(satu),PUNCT,1,tahun,I_PENA
doc:4,115,tahun,NOUN,(satu),6,I_PENA
doc:4,116,6,NUM,tahun,(enam),I_PENA
doc:4,117,(enam),PUNCT,6,bulan,I_PENA
doc:4,118,bulan,NOUN,(enam),“tanpa,E_PENA
doc:4,119,“tanpa,ADP,bulan,mendapat,B_CRIA
doc:4,120,mendapat,VERB,“tanpa,izin,I_CRIA
doc:4,121,izin,NOUN,mendapat,dengan,I_CRIA
doc:4,122,dengan,ADP,izin,sengaja,I_CRIA
doc:4,123,sengaja,VERB,dengan,memberikan,I_CRIA
doc:4,124,memberikan,VERB,sengaja,kesempatan,I_CRIA
doc:4,125,kesempatan,NOUN,memberikan,untuk,I_CRIA
doc:4,126,untuk,SCONJ,kesempatan,permainan,I_CRIA
doc:4,127,permainan,NOUN,untuk,judi,I_CRIA
doc:4,128,judi,NOUN,permainan,dan,I_CRIA
doc:4,129,dan,CCONJ,judi,menjadikannya,I_CRIA
doc:4,130,menjadikannya,VERB,dan,sebagai,I_CRIA
doc:4,131,sebagai,ADP,menjadikannya,pencaharian”,I_CRIA
doc:4,132,pencaharian”,PUNCT,sebagai,fajrini,E_PUNI
doc:4,133,fajrini,PUNCT,pencaharian”,faisah,B_PROS
doc:4,134,faisah,PUNCT,fajrini,s.h,I_PROS
doc:4,135,s.h,PUNCT,faisah,kafi,E_REGI
doc:4,136,kafi,PROPN,s.h,bin,B_DEFN
doc:4,137,bin,PROPN,kafi,kurdi,I_DEFN
doc:4,138,kurdi,PROPN,bin,“perbarengan,E_DEFN
doc:5,139,“perbarengan,NOUN,kurdi,pencurian,B_CRIA
doc:5,140,pencurian,NOUN,“perbarengan,dalam,I_CRIA
doc:5,141,dalam,ADP,pencurian,keadaan,I_CRIA
doc:5,142,keadaan,NOUN,dalam,yang,I_CRIA
doc:5,143,yang,PRON,keadaan,memberatkan”,I_CRIA
doc:5,144,memberatkan”,PUNCT,yang,sebagaimana,I_CRIA
doc:5,145,sebagaimana,SCONJ,memberatkan”,diatur,I_CRIA
doc:5,146,diatur,VERB,sebagaimana,dan,I_CRIA
doc:5,147,dan,CCONJ,diatur,diancam,I_CRIA
doc:5,148,diancam,VERB,dan,pidana,I_CRIA
doc:5,149,pidana,NOUN,diancam,dalam,I_CRIA
doc:5,150,dalam,ADP,pidana,pasal,I_CRIA
doc:5,151,pasal,NOUN,dalam,363,B_ARTV
doc:5,152,363,NUM,pasal,ayat,I_ARTV
doc:5,153,ayat,NOUN,363,(1),I_ARTV
doc:5,154,(1),PUNCT,ayat,ke-4,I_ARTV
doc:5,155,ke-4,NUM,(1),kuhpidana,I_ARTV
doc:5,156,kuhpidana,PUNCT,ke-4,1,E_CRIA
doc:5,157,1,NUM,kuhpidana,(satu),B_PENA
doc:5,158,(satu),PUNCT,1,tahun,I_PENA
doc:5,159,tahun,NOUN,(satu),dan,I_PENA
doc:5,160,dan,CCONJ,tahun,2,I_CRIA
doc:5,161,2,NUM,dan,(dua),I_PENA
doc:5,162,(dua),PUNCT,2,bulan,I_PENA
doc:5,163,bulan,NOUN,(dua),pencurian,E_PENA
doc:5,164,pencurian,NOUN,bulan,dalam,I_CRIA
doc:5,165,dalam,ADP,pencurian,keadaan,I_CRIA
doc:5,166,keadaan,NOUN,dalam,memberatkan,I_CRIA
doc:5,167,memberatkan,VERB,keadaan,dian,E_PUNI
doc:5,168,dian,NOUN,memberatkan,musliyana,B_PROS
doc:5,169,musliyana,PUNCT,dian,sari,I_PROS
doc:5,170,sari,NOUN,musliyana,s.h.,I_PROS
doc:5,171,s.h.,PUNCT,sari,sebagai,E_REGI
doc:5,172,sebagai,ADP,s.h.,samsul,E_PROS
doc:5,173,samsul,PROPN,sebagai,arifin,B_DEFN
doc:5,174,arifin,PROPN,samsul,bin,I_DEFN
doc:5,175,bin,PROPN,arifin,jahuri,I_DEFN
doc:5,176,jahuri,PUNCT,bin,“mencoba,E_DEFN
doc:6,177,“mencoba,VERB,jahuri,melakukan,B_CRIA
doc:6,178,melakukan,VERB,“mencoba,kejahatan,I_CRIA
doc:6,179,kejahatan,NOUN,melakukan,mengambil,I_CRIA
doc:6,180,mengambil,VERB,kejahatan,barang,I_CRIA
doc:6,181,barang,NOUN,mengambil,sesuatu,I_CRIA
doc:6,182,sesuatu,PRON,barang,yang,I_CRIA
doc:6,183,yang,PRON,sesuatu,seluruhnya,I_CRIA
doc:6,184,seluruhnya,DET,yang,atau,I_CRIA
doc:6,185,atau,CCONJ,seluruhnya,sebagian,I_CRIA
doc:6,186,sebagian,DET,atau,kepunyaan,I_CRIA
doc:6,187,kepunyaan,NOUN,sebagian,orang,I_CRIA
doc:6,188,orang,NOUN,kepunyaan,"lain,",I_CRIA
doc:6,189,"lain,",PUNCT,orang,dengan,I_CRIA
doc:6,190,dengan,ADP,"lain,",maksud,I_CRIA
doc:6,191,maksud,NOUN,dengan,untuk,I_CRIA
doc:6,192,untuk,SCONJ,maksud,dimiliki,I_CRIA
doc:6,193,dimiliki,VERB,untuk,secara,I_CRIA
doc:6,194,secara,ADP,dimiliki,melawan,I_CRIA
doc:6,195,melawan,VERB,secara,"hukum,",I_CRIA
doc:6,196,"hukum,",PUNCT,melawan,yang,I_CRIA
doc:6,197,yang,PRON,"hukum,",untuk,I_CRIA
doc:6,198,untuk,SCONJ,yang,masuk,I_CRIA
doc:6,199,masuk,VERB,untuk,ke,I_CRIA
doc:6,200,ke,ADP,masuk,tempat,I_CRIA
doc:6,201,tempat,NOUN,ke,melakukan,I_CRIA
doc:6,202,melakukan,VERB,tempat,"kejahatan,",I_CRIA
doc:6,203,"kejahatan,",PUNCT,melakukan,atau,I_CRIA
doc:6,204,atau,CCONJ,"kejahatan,",untuk,I_CRIA
doc:6,205,untuk,SCONJ,atau,sampai,I_CRIA
doc:6,206,sampai,ADP,untuk,pada,I_CRIA
doc:6,207,pada,ADP,sampai,barang,I_CRIA
doc:6,208,barang,NOUN,pada,yang,I_CRIA
doc:6,209,yang,PRON,barang,"diambilnya,",I_CRIA
doc:6,210,"diambilnya,",PUNCT,yang,dilakukan,I_CRIA
doc:6,211,dilakukan,VERB,"diambilnya,",dengan,I_CRIA
doc:6,212,dengan,ADP,dilakukan,"merusak,",I_CRIA
doc:6,213,"merusak,",PUNCT,dengan,memotong,I_CRIA
doc:6,214,memotong,VERB,"merusak,",atau,I_CRIA
doc:6,215,atau,CCONJ,memotong,memanjat,I_CRIA
doc:6,216,memanjat,VERB,atau,atau,I_CRIA
doc:6,217,atau,CCONJ,memanjat,dengan,I_CRIA
doc:6,218,dengan,ADP,atau,memakai,I_CRIA
doc:6,219,memakai,VERB,dengan,anak,I_CRIA
doc:6,220,anak,NOUN,memakai,kunci,I_CRIA
doc:6,221,kunci,NOUN,anak,"palsu,",I_CRIA
doc:6,222,"palsu,",PUNCT,kunci,perintah,I_CRIA
doc:6,223,perintah,NOUN,"palsu,",palsu,I_CRIA
doc:6,224,palsu,NOUN,perintah,atau,I_CRIA
doc:6,225,atau,CCONJ,palsu,pakaian,I_CRIA
doc:6,226,pakaian,NOUN,atau,jabatan,I_CRIA
doc:6,227,jabatan,NOUN,pakaian,"palsu,",I_CRIA
doc:6,228,"palsu,",PUNCT,jabatan,jika,I_CRIA
doc:6,229,jika,SCONJ,"palsu,",niat,I_CRIA
doc:6,230,niat,NOUN,jika,untuk,I_CRIA
doc:6,231,untuk,SCONJ,niat,itu,I_CRIA
doc:6,232,itu,DET,untuk,telah,I_CRIA
doc:6,233,telah,AUX,itu,ternyata,I_CRIA
doc:6,234,ternyata,ADV,telah,dari,I_CRIA
doc:6,235,dari,ADP,ternyata,adanya,I_CRIA
doc:6,236,adanya,VERB,dari,permulaan,I_CRIA
doc:6,237,permulaan,NOUN,adanya,"pelaksanaan,",I_CRIA
doc:6,238,"pelaksanaan,",PUNCT,permulaan,dan,I_CRIA
doc:6,239,dan,CCONJ,"pelaksanaan,",tidak,I_CRIA
doc:6,240,tidak,PART,dan,selesainya,I_CRIA
doc:6,241,selesainya,VERB,tidak,pelaksanaan,I_CRIA
doc:6,242,pelaksanaan,NOUN,selesainya,"itu,",I_CRIA
doc:6,243,"itu,",PUNCT,pelaksanaan,bukan,I_CRIA
doc:6,244,bukan,PART,"itu,",semata-mata,I_CRIA
doc:6,245,semata-mata,PUNCT,bukan,disebabkan,I_CRIA
doc:6,246,disebabkan,VERB,semata-mata,karena,I_CRIA
doc:6,247,karena,SCONJ,disebabkan,kehendaknya,I_CRIA
doc:6,248,kehendaknya,NOUN,karena,sendiri”,I_CRIA
doc:6,249,sendiri”,PUNCT,kehendaknya,6,E_CRIA
doc:6,250,6,NUM,sendiri”,(enam),B_PENA
doc:6,251,(enam),PUNCT,6,bulan,I_PENA
doc:6,252,bulan,NOUN,(enam),percobaan,E_PENA
doc:6,253,percobaan,NOUN,bulan,pencurian,B_PUNI
doc:6,254,pencurian,NOUN,percobaan,dalam,I_PUNI
doc:6,255,dalam,ADP,pencurian,keadaan,I_PUNI
doc:6,256,keadaan,NOUN,dalam,memberatkan,I_PUNI
doc:6,257,memberatkan,VERB,keadaan,fajrini,E_PUNI
doc:6,258,fajrini,PUNCT,memberatkan,faisah,B_PROS
doc:6,259,faisah,PUNCT,fajrini,s.h.,I_PROS
doc:6,260,s.h.,PUNCT,faisah,sebagai,E_REGI
doc:6,261,sebagai,ADP,s.h.,mohammad,E_PROS
doc:6,262,mohammad,PROPN,sebagai,zainullah,B_DEFN
doc:6,263,zainullah,PUNCT,mohammad,bin,I_DEFN
doc:6,264,bin,PROPN,zainullah,rahbini,I_DEFN
doc:6,265,rahbini,PUNCT,bin,"“membeli,",E_DEFN
doc:7,266,"“membeli,",PUNCT,rahbini,"menyewa,",B_CRIA
doc:7,267,"menyewa,",PUNCT,"“membeli,","menukar,",I_CRIA
doc:7,268,"menukar,",PUNCT,"menyewa,",menerima,I_CRIA
doc:7,269,menerima,VERB,"menukar,","gadai,",I_CRIA
doc:7,270,"gadai,",PUNCT,menerima,menerima,I_CRIA
doc:7,271,menerima,VERB,"gadai,","hadiah,",I_CRIA
doc:7,272,"hadiah,",PUNCT,menerima,atau,I_CRIA
doc:7,273,atau,CCONJ,"hadiah,",untuk,I_CRIA
doc:7,274,untuk,SCONJ,atau,menarik,I_CRIA
doc:7,275,menarik,VERB,untuk,"keuntungan,",I_CRIA
doc:7,276,"keuntungan,",PUNCT,menarik,"menjual,",I_CRIA
doc:7,277,"menjual,",PUNCT,"keuntungan,","menyewakan,",I_CRIA
doc:7,278,"menyewakan,",PUNCT,"menjual,","menukarkan,",I_CRIA
doc:7,279,"menukarkan,",PUNCT,"menyewakan,","menggadaikan,",I_CRIA
doc:7,280,"menggadaikan,",PUNCT,"menukarkan,","mengangkut,",I_CRIA
doc:7,281,"mengangkut,",PUNCT,"menggadaikan,","menyimpan,",I_CRIA
doc:7,282,"menyimpan,",PUNCT,"mengangkut,",atau,I_CRIA
doc:7,283,atau,CCONJ,"menyimpan,",menyembunyikan,I_CRIA
doc:7,284,menyembunyikan,VERB,atau,sesuatu,I_CRIA
doc:7,285,sesuatu,PRON,menyembunyikan,"benda,",I_CRIA
doc:7,286,"benda,",PUNCT,sesuatu,yang,I_CRIA
doc:7,287,yang,PRON,"benda,",diketahui,I_CRIA
doc:7,288,diketahui,VERB,yang,atau,I_CRIA
doc:7,289,atau,CCONJ,diketahui,sepatutnya,I_CRIA
doc:7,290,sepatutnya,NOUN,atau,harus,I_CRIA
doc:7,291,harus,AUX,sepatutnya,diduga,I_CRIA
doc:7,292,diduga,VERB,harus,bahwa,I_CRIA
doc:7,293,bahwa,SCONJ,diduga,diperoleh,I_CRIA
doc:7,294,diperoleh,VERB,bahwa,dari,I_CRIA
doc:7,295,dari,ADP,diperoleh,kejahatan,I_CRIA
doc:7,296,kejahatan,NOUN,dari,penadahan”,I_CRIA
doc:7,297,penadahan”,PUNCT,kejahatan,melanggar,I_CRIA
doc:7,298,melanggar,VERB,penadahan”,pasal,I_CRIA
doc:7,299,pasal,NOUN,melanggar,480,B_ARTV
doc:7,300,480,NUM,pasal,ke,I_ARTV
doc:7,301,ke,ADP,480,1,I_ARTV
doc:7,302,1,NUM,ke,kuhp,I_ARTV
doc:7,303,kuhp,NOUN,1,6,E_ARTV
doc:7,304,6,NUM,kuhp,(enam),B_PENA
doc:7,305,(enam),PUNCT,6,bulan,I_PENA
doc:7,306,bulan,NOUN,(enam),"“membeli,",E_PENA
doc:7,307,"“membeli,",PUNCT,bulan,"menyewa,",B_CRIA
doc:7,308,"menyewa,",PUNCT,"“membeli,","menukar,",I_CRIA
doc:7,309,"menukar,",PUNCT,"menyewa,",menerima,I_CRIA
doc:7,310,menerima,VERB,"menukar,","gadai,",I_CRIA
doc:7,311,"gadai,",PUNCT,menerima,menerima,I_CRIA
doc:7,312,menerima,VERB,"gadai,","hadiah,",I_CRIA
doc:7,313,"hadiah,",PUNCT,menerima,atau,I_CRIA
doc:7,314,atau,CCONJ,"hadiah,",untuk,I_CRIA
doc:7,315,untuk,SCONJ,atau,menarik,I_CRIA
doc:7,316,menarik,VERB,untuk,"keuntungan,",I_CRIA
doc:7,317,"keuntungan,",PUNCT,menarik,"menjual,",I_CRIA
doc:7,318,"menjual,",PUNCT,"keuntungan,","menyewakan,",I_CRIA
doc:7,319,"menyewakan,",PUNCT,"menjual,","menukarkan,",I_CRIA
doc:7,320,"menukarkan,",PUNCT,"menyewakan,","menggadaikan,",I_CRIA
doc:7,321,"menggadaikan,",PUNCT,"menukarkan,","mengangkut,",I_CRIA
doc:7,322,"mengangkut,",PUNCT,"menggadaikan,","menyimpan,",I_CRIA
doc:7,323,"menyimpan,",PUNCT,"mengangkut,",atau,I_CRIA
doc:7,324,atau,CCONJ,"menyimpan,",menyembunyikan,I_CRIA
doc:7,325,menyembunyikan,VERB,atau,sesuatu,I_CRIA
doc:7,326,sesuatu,PRON,menyembunyikan,"benda,",I_CRIA
doc:7,327,"benda,",PUNCT,sesuatu,yang,I_CRIA
doc:7,328,yang,PRON,"benda,",diketahui,I_CRIA
doc:7,329,diketahui,VERB,yang,atau,I_CRIA
doc:7,330,atau,CCONJ,diketahui,sepatutnya,I_CRIA
doc:7,331,sepatutnya,NOUN,atau,harus,I_CRIA
doc:7,332,harus,AUX,sepatutnya,diduga,I_CRIA
doc:7,333,diduga,VERB,harus,bahwa,I_CRIA
doc:7,334,bahwa,SCONJ,diduga,diperoleh,I_CRIA
doc:7,335,diperoleh,VERB,bahwa,dari,I_CRIA
doc:7,336,dari,ADP,diperoleh,kejahatan,I_CRIA
doc:7,337,kejahatan,NOUN,dari,penadahan”,I_CRIA
doc:7,338,penadahan”,PUNCT,kejahatan,melanggar,I_CRIA
doc:7,339,melanggar,VERB,penadahan”,pasal,I_CRIA
doc:7,340,pasal,NOUN,melanggar,480,B_ARTV
doc:7,341,480,NUM,pasal,ke,I_ARTV
doc:7,342,ke,ADP,480,1,I_ARTV
doc:7,343,1,NUM,ke,kuhp,I_ARTV
doc:7,344,kuhp,NOUN,1,haidir,E_ARTV
doc:7,345,haidir,PROPN,kuhp,rahman,B_PROS
doc:7,346,rahman,PROPN,haidir,s.h,I_PROS
doc:7,347,s.h,PUNCT,rahman,musemmil,E_REGI
doc:7,348,musemmil,PUNCT,s.h,“percobaan,U_DEFN
doc:8,349,“percobaan,NOUN,musemmil,pencurian,B_CRIA
doc:8,350,pencurian,NOUN,“percobaan,dengan,I_CRIA
doc:8,351,dengan,ADP,pencurian,kekerasan”,I_CRIA
doc:8,352,kekerasan”,PUNCT,dengan,7,E_CRIA
doc:8,353,7,NUM,kekerasan”,(tujuh),B_PENA
doc:8,354,(tujuh),PUNCT,7,bulan,I_PENA
doc:8,355,bulan,NOUN,(tujuh),“percobaan,E_PENA
doc:8,356,“percobaan,NOUN,bulan,pencurian,B_CRIA
doc:8,357,pencurian,NOUN,“percobaan,dengan,I_CRIA
doc:8,358,dengan,ADP,pencurian,kekerasan”,I_CRIA
doc:8,359,kekerasan”,PUNCT,dengan,dewi,E_CRIA
doc:8,360,dewi,NOUN,kekerasan”,ika,B_PROS
doc:8,361,ika,PROPN,dewi,agustina,I_PROS
doc:8,362,agustina,PROPN,ika,s.h,I_PROS
doc:8,363,s.h,PUNCT,agustina,achmad,E_REGI
doc:8,364,achmad,PROPN,s.h,budi,B_DEFN
doc:8,365,budi,NOUN,achmad,utomo,I_DEFN
doc:8,366,utomo,PROPN,budi,"""pencurian",E_DEFN
doc:9,367,"""pencurian",NOUN,utomo,dengan,B_CRIA
doc:9,368,dengan,ADP,"""pencurian","pemberatan""",I_CRIA
doc:9,369,"pemberatan""",PUNCT,dengan,2,E_CRIA
doc:9,370,2,NUM,"pemberatan""",(dua),B_PENA
doc:9,371,(dua),PUNCT,2,tahun,I_PENA
doc:9,372,tahun,NOUN,(dua),“pencurian,E_PENA
doc:9,373,“pencurian,NOUN,tahun,dalam,B_PUNI
doc:9,374,dalam,ADP,“pencurian,keadaan,I_PUNI
doc:9,375,keadaan,NOUN,dalam,memberatkan”,I_PUNI
doc:9,376,memberatkan”,PUNCT,keadaan,umu,E_PUNI
doc:9,377,umu,PROPN,memberatkan”,lathiefah,B_PROS
doc:9,378,lathiefah,PUNCT,umu,s.h,I_PROS
doc:9,379,s.h,PUNCT,lathiefah,suparman,E_REGI
doc:9,380,suparman,PROPN,s.h,bin,B_DEFN
doc:9,381,bin,PROPN,suparman,fadlillah,I_DEFN
doc:9,382,fadlillah,PUNCT,bin,“,E_DEFN
doc:10,383,“,PUNCT,fadlillah,bersama,B_CRIA
doc:10,384,bersama,ADP,“,sama,I_CRIA
doc:10,385,sama,ADJ,bersama,melakukan,I_CRIA
doc:10,386,melakukan,VERB,sama,pembunuhan,I_CRIA
doc:10,387,pembunuhan,NOUN,melakukan,yang,I_CRIA
doc:10,388,yang,PRON,pembunuhan,direncanakan,I_CRIA
doc:10,389,direncanakan,VERB,yang,terlebih,I_CRIA
doc:10,390,terlebih,ADV,direncanakan,"dahulu”,",I_CRIA
doc:10,391,"dahulu”,",PUNCT,terlebih,1,E_CRIA
doc:10,392,1,NUM,"dahulu”,",(satu),I_ARTV
doc:10,393,(satu),PUNCT,1,tahun,I_PENA
doc:10,394,tahun,NOUN,(satu),dengan,I_PENA
doc:10,395,dengan,ADP,tahun,“turut,E_PENA
doc:10,396,“turut,ADV,dengan,serta,B_PUNI
doc:10,397,serta,CCONJ,“turut,melakukan,I_PUNI
doc:10,398,melakukan,VERB,serta,pembunuhan,I_CRIA
doc:10,399,pembunuhan,NOUN,melakukan,berencana,I_CRIA
doc:10,400,berencana,VERB,pembunuhan,“,I_PUNI
doc:10,401,“,PUNCT,berencana,benny,B_CRIA
doc:10,402,benny,PROPN,“,rory,B_PROS
doc:10,403,rory,PROPN,benny,wijaya,I_PROS
doc:10,404,wijaya,PROPN,rory,sh,I_PROS
doc:10,405,sh,PROPN,wijaya,suharis,E_REGI
doc:10,406,suharis,PUNCT,sh,als,B_DEFN
doc:10,407,als,PROPN,suharis,h.ris,I_DEFN
doc:10,408,h.ris,PUNCT,als,tempat,I_DEFN
doc:10,409,tempat,NOUN,h.ris,lahir,I_DEFN
doc:10,410,lahir,VERB,tempat,“penggelapan”,E_DEFN
doc:11,411,“penggelapan”,PUNCT,lahir,2,U_CRIA
doc:11,412,2,NUM,“penggelapan”,(dua),I_PENA
doc:11,413,(dua),PUNCT,2,tahun,I_PENA
doc:11,414,tahun,NOUN,(dua),2,I_PENA
doc:11,415,2,NUM,tahun,(dua),I_PENA
doc:11,416,(dua),PUNCT,2,bulan,I_PENA
doc:11,417,bulan,NOUN,(dua),“penggelapan,E_PENA
doc:11,418,“penggelapan,NOUN,bulan,secara,B_PUNI
doc:11,419,secara,ADP,“penggelapan,bersama-sama”,I_PUNI
doc:11,420,bersama-sama”,PUNCT,secara,anjar,E_PUNI
doc:11,421,anjar,PROPN,bersama-sama”,purbo,B_PROS
doc:11,422,purbo,PROPN,anjar,sasongko,I_PROS
doc:11,423,sasongko,PROPN,purbo,s.h.,I_PROS
doc:11,424,s.h.,PUNCT,sasongko,m.h,E_REGI
doc:11,425,m.h,PUNCT,s.h.,pudjianti,E_PROS
doc:11,426,pudjianti,PUNCT,m.h,alrasid,B_DEFN
doc:11,427,alrasid,PUNCT,pudjianti,binti,I_DEFN
doc:11,428,binti,PROPN,alrasid,rasid,I_DEFN
doc:11,429,rasid,PROPN,binti,tempat,I_DEFN
doc:11,430,tempat,NOUN,rasid,lahir,I_DEFN
doc:11,431,lahir,VERB,tempat,slamet,E_DEFN
doc:11,432,slamet,PROPN,lahir,wahyudi,B_DEFN
doc:11,433,wahyudi,PROPN,slamet,bin,I_DEFN
doc:11,434,bin,PROPN,wahyudi,nahrawi,I_DEFN
doc:11,435,nahrawi,PROPN,bin,tempat,I_DEFN
doc:11,436,tempat,NOUN,nahrawi,lahir,I_DEFN
doc:11,437,lahir,VERB,tempat,“mengambil,E_DEFN
doc:12,438,“mengambil,VERB,lahir,barang,B_CRIA
doc:12,439,barang,NOUN,“mengambil,"sesuatu,",I_CRIA
doc:12,440,"sesuatu,",PUNCT,barang,yang,I_CRIA
doc:12,441,yang,PRON,"sesuatu,",seluruhnya,I_CRIA
doc:12,442,seluruhnya,DET,yang,atau,I_CRIA
doc:12,443,atau,CCONJ,seluruhnya,sebagian,I_CRIA
doc:12,444,sebagian,DET,atau,kepunyaan,I_CRIA
doc:12,445,kepunyaan,NOUN,sebagian,orang,I_CRIA
doc:12,446,orang,NOUN,kepunyaan,"lain,",I_CRIA
doc:12,447,"lain,",PUNCT,orang,dengan,I_CRIA
doc:12,448,dengan,ADP,"lain,",maksud,I_CRIA
doc:12,449,maksud,NOUN,dengan,untuk,I_CRIA
doc:12,450,untuk,SCONJ,maksud,dimiliki,I_CRIA
doc:12,451,dimiliki,VERB,untuk,secara,I_CRIA
doc:12,452,secara,ADP,dimiliki,melawan,I_CRIA
doc:12,453,melawan,VERB,secara,"hukum,",I_CRIA
doc:12,454,"hukum,",PUNCT,melawan,yang,I_CRIA
doc:12,455,yang,PRON,"hukum,","didahului,",I_CRIA
doc:12,456,"didahului,",PUNCT,yang,disertai,I_CRIA
doc:12,457,disertai,VERB,"didahului,",atau,I_CRIA
doc:12,458,atau,CCONJ,disertai,diikuti,I_CRIA
doc:12,459,diikuti,VERB,atau,dengan,I_CRIA
doc:12,460,dengan,ADP,diikuti,kekerasan,I_CRIA
doc:12,461,kekerasan,NOUN,dengan,atau,I_CRIA
doc:12,462,atau,CCONJ,kekerasan,ancaman,I_CRIA
doc:12,463,ancaman,NOUN,atau,"kekerasan,",I_CRIA
doc:12,464,"kekerasan,",PUNCT,ancaman,terhadap,I_CRIA
doc:12,465,terhadap,ADP,"kekerasan,",orang,I_CRIA
doc:12,466,orang,NOUN,terhadap,dengan,I_CRIA
doc:12,467,dengan,ADP,orang,maksud,I_CRIA
doc:12,468,maksud,NOUN,dengan,untuk,I_CRIA
doc:12,469,untuk,SCONJ,maksud,mempersiap,I_CRIA
doc:12,470,mempersiap,NOUN,untuk,atau,I_CRIA
doc:12,471,atau,CCONJ,mempersiap,mempermudah,I_CRIA
doc:12,472,mempermudah,VERB,atau,"pencurian,",I_CRIA
doc:12,473,"pencurian,",PUNCT,mempermudah,atau,I_CRIA
doc:12,474,atau,CCONJ,"pencurian,",dalam,I_CRIA
doc:12,475,dalam,ADP,atau,hal,I_CRIA
doc:12,476,hal,NOUN,dalam,tertangkap,I_CRIA
doc:12,477,tertangkap,VERB,hal,"tangan,",I_CRIA
doc:12,478,"tangan,",PUNCT,tertangkap,untuk,I_CRIA
doc:12,479,untuk,SCONJ,"tangan,",memungkinkan,I_CRIA
doc:12,480,memungkinkan,VERB,untuk,melarikan,I_CRIA
doc:12,481,melarikan,VERB,memungkinkan,diri,I_CRIA
doc:12,482,diri,PRON,melarikan,sendiri,I_CRIA
doc:12,483,sendiri,DET,diri,atau,I_CRIA
doc:12,484,atau,CCONJ,sendiri,peserta,I_CRIA
doc:12,485,peserta,NOUN,atau,"lainnya,",I_CRIA
doc:12,486,"lainnya,",PUNCT,peserta,atau,I_CRIA
doc:12,487,atau,CCONJ,"lainnya,",untuk,I_CRIA
doc:12,488,untuk,SCONJ,atau,tetap,I_CRIA
doc:12,489,tetap,ADV,untuk,menguasai,I_CRIA
doc:12,490,menguasai,VERB,tetap,barang,I_CRIA
doc:12,491,barang,NOUN,menguasai,yang,I_CRIA
doc:12,492,yang,PRON,barang,"dicurinya,",I_CRIA
doc:12,493,"dicurinya,",PUNCT,yang,yang,I_CRIA
doc:12,494,yang,PRON,"dicurinya,",dilakukan,I_CRIA
doc:12,495,dilakukan,VERB,yang,pada,I_CRIA
doc:12,496,pada,ADP,dilakukan,waktu,I_CRIA
doc:12,497,waktu,NOUN,pada,malam,I_CRIA
doc:12,498,malam,NOUN,waktu,dalam,I_CRIA
doc:12,499,dalam,ADP,malam,sebuah,I_CRIA
doc:12,500,sebuah,DET,dalam,rumah,I_CRIA
doc:12,501,rumah,NOUN,sebuah,atau,I_CRIA
doc:12,502,atau,CCONJ,rumah,pekarangan,I_CRIA
doc:12,503,pekarangan,NOUN,atau,tertutup,I_CRIA
doc:12,504,tertutup,VERB,pekarangan,yang,I_CRIA
doc:12,505,yang,PRON,tertutup,ada,I_CRIA
doc:12,506,ada,VERB,yang,"rumahnya,",I_CRIA
doc:12,507,"rumahnya,",PUNCT,ada,di,I_CRIA
doc:12,508,di,ADP,"rumahnya,",jalan,I_CRIA
doc:12,509,jalan,NOUN,di,"umum,",I_CRIA
doc:12,510,"umum,",PUNCT,jalan,atau,I_CRIA
doc:12,511,atau,CCONJ,"umum,",dalam,I_CRIA
doc:12,512,dalam,ADP,atau,kereta,I_CRIA
doc:12,513,kereta,NOUN,dalam,api,I_CRIA
doc:12,514,api,NOUN,kereta,atau,I_CRIA
doc:12,515,atau,CCONJ,api,trem,I_CRIA
doc:12,516,trem,NOUN,atau,yang,I_CRIA
doc:12,517,yang,PRON,trem,sedang,I_CRIA
doc:12,518,sedang,AUX,yang,"berjalan,",I_CRIA
doc:12,519,"berjalan,",PUNCT,sedang,yang,I_CRIA
doc:12,520,yang,PRON,"berjalan,",dilakukan,I_CRIA
doc:12,521,dilakukan,VERB,yang,oleh,I_CRIA
doc:12,522,oleh,ADP,dilakukan,dua,I_CRIA
doc:12,523,dua,NUM,oleh,orang,I_CRIA
doc:12,524,orang,NOUN,dua,atau,I_CRIA
doc:12,525,atau,CCONJ,orang,lebih,I_CRIA
doc:12,526,lebih,ADV,atau,dengan,I_CRIA
doc:12,527,dengan,ADP,lebih,bersekutu”,I_CRIA
doc:12,528,bersekutu”,PUNCT,dengan,3,E_CRIA
doc:12,529,3,NUM,bersekutu”,(tiga),B_PENA
doc:12,530,(tiga),PUNCT,3,tahun,I_PENA
doc:12,531,tahun,NOUN,(tiga),“pencurian,E_PENA
doc:12,532,“pencurian,NOUN,tahun,dalam,B_PUNI
doc:12,533,dalam,ADP,“pencurian,keadaan,I_CRIA
doc:12,534,keadaan,NOUN,dalam,memberatkan”,I_PUNI
doc:12,535,memberatkan”,PUNCT,keadaan,fajrini,E_PUNI
doc:12,536,fajrini,PUNCT,memberatkan”,faisah,B_PROS
doc:12,537,faisah,PUNCT,fajrini,s.h,I_PROS
doc:12,538,s.h,PUNCT,faisah,jakariya,E_REGI
doc:12,539,jakariya,PUNCT,s.h,bin,B_DEFN
doc:12,540,bin,PROPN,jakariya,rawi,I_DEFN
doc:12,541,rawi,NOUN,bin,pencurian,E_DEFN
doc:13,542,pencurian,NOUN,rawi,dengan,B_CRIA
doc:13,543,dengan,ADP,pencurian,pemberatan,I_CRIA
doc:13,544,pemberatan,NOUN,dengan,1,E_CRIA
doc:13,545,1,NUM,pemberatan,(satu),B_PENA
doc:13,546,(satu),PUNCT,1,tahun,I_PENA
doc:13,547,tahun,NOUN,(satu),dan,I_PENA
doc:13,548,dan,CCONJ,tahun,8,I_PENA
doc:13,549,8,NUM,dan,(delapan),I_PENA
doc:13,550,(delapan),PUNCT,8,"bulan,",I_PENA
doc:13,551,"bulan,",PUNCT,(delapan),“pencurian,E_PENA
doc:13,552,“pencurian,NOUN,"bulan,",dalam,B_PUNI
doc:13,553,dalam,ADP,“pencurian,keadaan,I_TIMV
doc:13,554,keadaan,NOUN,dalam,memberatkan”,I_PUNI
doc:13,555,memberatkan”,PUNCT,keadaan,mohammad,E_PUNI
doc:13,556,mohammad,PROPN,memberatkan”,zultoni,B_PROS
doc:13,557,zultoni,PUNCT,mohammad,s.h,I_PROS
doc:13,558,s.h,PUNCT,zultoni,badruttaman,E_REGI
doc:13,559,badruttaman,PUNCT,s.h,bin,B_DEFN
doc:13,560,bin,PROPN,badruttaman,yudi,I_DEFN
doc:13,561,yudi,NOUN,bin,achmad,E_DEFN
doc:13,562,achmad,PROPN,yudi,ambarawa,B_DEFN
doc:13,563,ambarawa,NOUN,achmad,bin,I_DEFN
doc:13,564,bin,PROPN,ambarawa,marsaid,I_DEFN
doc:13,565,marsaid,PROPN,bin,”melakukan,E_DEFN
doc:14,566,”melakukan,VERB,marsaid,pencurian,B_CRIA
doc:14,567,pencurian,NOUN,”melakukan,yang,I_CRIA
doc:14,568,yang,PRON,pencurian,"didahului,",I_CRIA
doc:14,569,"didahului,",PUNCT,yang,disertai,I_CRIA
doc:14,570,disertai,VERB,"didahului,",atau,I_CRIA
doc:14,571,atau,CCONJ,disertai,diikuti,I_CRIA
doc:14,572,diikuti,VERB,atau,dengan,I_CRIA
doc:14,573,dengan,ADP,diikuti,kekerasan,I_CRIA
doc:14,574,kekerasan,NOUN,dengan,atau,I_CRIA
doc:14,575,atau,CCONJ,kekerasan,ancaman,I_CRIA
doc:14,576,ancaman,NOUN,atau,"kekerasan,",I_CRIA
doc:14,577,"kekerasan,",PUNCT,ancaman,terhadap,I_CRIA
doc:14,578,terhadap,ADP,"kekerasan,","orang,",I_CRIA
doc:14,579,"orang,",PUNCT,terhadap,dengan,I_CRIA
doc:14,580,dengan,ADP,"orang,",maksud,I_CRIA
doc:14,581,maksud,NOUN,dengan,untuk,I_CRIA
doc:14,582,untuk,SCONJ,maksud,mempersiap,I_CRIA
doc:14,583,mempersiap,NOUN,untuk,atau,I_CRIA
doc:14,584,atau,CCONJ,mempersiap,mempermudah,I_CRIA
doc:14,585,mempermudah,VERB,atau,"pencurian,",I_CRIA
doc:14,586,"pencurian,",PUNCT,mempermudah,atau,I_CRIA
doc:14,587,atau,CCONJ,"pencurian,",dalam,I_CRIA
doc:14,588,dalam,ADP,atau,hal,I_CRIA
doc:14,589,hal,NOUN,dalam,tertangkap,I_CRIA
doc:14,590,tertangkap,VERB,hal,"tangan,",I_CRIA
doc:14,591,"tangan,",PUNCT,tertangkap,untuk,I_CRIA
doc:14,592,untuk,SCONJ,"tangan,",memungkinkan,I_CRIA
doc:14,593,memungkinkan,VERB,untuk,melarikan,I_CRIA
doc:14,594,melarikan,VERB,memungkinkan,diri,I_CRIA
doc:14,595,diri,PRON,melarikan,sendiri,I_CRIA
doc:14,596,sendiri,DET,diri,atau,I_CRIA
doc:14,597,atau,CCONJ,sendiri,peserta,I_CRIA
doc:14,598,peserta,NOUN,atau,"lainnya,",I_CRIA
doc:14,599,"lainnya,",PUNCT,peserta,atau,I_CRIA
doc:14,600,atau,CCONJ,"lainnya,",untuk,I_CRIA
doc:14,601,untuk,SCONJ,atau,menguasai,I_CRIA
doc:14,602,menguasai,VERB,untuk,barang,I_CRIA
doc:14,603,barang,NOUN,menguasai,yang,I_CRIA
doc:14,604,yang,PRON,barang,dicurinya,I_CRIA
doc:14,605,dicurinya,VERB,yang,yang,I_CRIA
doc:14,606,yang,PRON,dicurinya,dilakukan,I_CRIA
doc:14,607,dilakukan,VERB,yang,oleh,I_CRIA
doc:14,608,oleh,ADP,dilakukan,dua,I_CRIA
doc:14,609,dua,NUM,oleh,orang,I_CRIA
doc:14,610,orang,NOUN,dua,atau,I_CRIA
doc:14,611,atau,CCONJ,orang,lebih,I_CRIA
doc:14,612,lebih,ADV,atau,dengan,I_CRIA
doc:14,613,dengan,ADP,lebih,bersekutu”,I_CRIA
doc:14,614,bersekutu”,PUNCT,dengan,melanggar,I_CRIA
doc:14,615,melanggar,VERB,bersekutu”,pasal,I_CRIA
doc:14,616,pasal,NOUN,melanggar,365,B_ARTV
doc:14,617,365,NUM,pasal,ayat,I_ARTV
doc:14,618,ayat,NOUN,365,(2),I_ARTV
doc:14,619,(2),PUNCT,ayat,ke,I_ARTV
doc:14,620,ke,ADP,(2),2e,I_ARTV
doc:14,621,2e,PROPN,ke,kuhp,I_ARTV
doc:14,622,kuhp,NOUN,2e,masing-masing,E_ARTV
doc:14,623,masing-masing,PUNCT,kuhp,selama,B_PENA
doc:14,624,selama,ADP,masing-masing,1,I_PENA
doc:14,625,1,NUM,selama,(satu),I_PENA
doc:14,626,(satu),PUNCT,1,tahun,I_PENA
doc:14,627,tahun,NOUN,(satu),6(enam),I_PENA
doc:14,628,6(enam),PUNCT,tahun,bulan,I_PENA
doc:14,629,bulan,NOUN,6(enam),”melakukan,E_PENA
doc:14,630,”melakukan,VERB,bulan,pencurian,B_CRIA
doc:14,631,pencurian,NOUN,”melakukan,yang,I_CRIA
doc:14,632,yang,PRON,pencurian,"didahului,",I_CRIA
doc:14,633,"didahului,",PUNCT,yang,disertai,I_CRIA
doc:14,634,disertai,VERB,"didahului,",atau,I_CRIA
doc:14,635,atau,CCONJ,disertai,diikuti,I_CRIA
doc:14,636,diikuti,VERB,atau,dengan,I_CRIA
doc:14,637,dengan,ADP,diikuti,kekerasan,I_CRIA
doc:14,638,kekerasan,NOUN,dengan,atau,I_CRIA
doc:14,639,atau,CCONJ,kekerasan,ancaman,I_CRIA
doc:14,640,ancaman,NOUN,atau,"kekerasan,",I_CRIA
doc:14,641,"kekerasan,",PUNCT,ancaman,terhadap,I_CRIA
doc:14,642,terhadap,ADP,"kekerasan,","orang,",I_CRIA
doc:14,643,"orang,",PUNCT,terhadap,dengan,I_CRIA
doc:14,644,dengan,ADP,"orang,",maksud,I_CRIA
doc:14,645,maksud,NOUN,dengan,untuk,I_CRIA
doc:14,646,untuk,SCONJ,maksud,mempersiap,I_CRIA
doc:14,647,mempersiap,NOUN,untuk,atau,I_CRIA
doc:14,648,atau,CCONJ,mempersiap,mempermudah,I_CRIA
doc:14,649,mempermudah,VERB,atau,"pencurian,",I_CRIA
doc:14,650,"pencurian,",PUNCT,mempermudah,atau,I_CRIA
doc:14,651,atau,CCONJ,"pencurian,",dalam,I_CRIA
doc:14,652,dalam,ADP,atau,hal,I_CRIA
doc:14,653,hal,NOUN,dalam,tertangkap,I_CRIA
doc:14,654,tertangkap,VERB,hal,"tangan,",I_CRIA
doc:14,655,"tangan,",PUNCT,tertangkap,untuk,I_CRIA
doc:14,656,untuk,SCONJ,"tangan,",memungkinkan,I_CRIA
doc:14,657,memungkinkan,VERB,untuk,melarikan,I_CRIA
doc:14,658,melarikan,VERB,memungkinkan,diri,I_CRIA
doc:14,659,diri,PRON,melarikan,sendiri,I_CRIA
doc:14,660,sendiri,DET,diri,atau,I_CRIA
doc:14,661,atau,CCONJ,sendiri,peserta,I_CRIA
doc:14,662,peserta,NOUN,atau,"lainnya,",I_CRIA
doc:14,663,"lainnya,",PUNCT,peserta,atau,I_CRIA
doc:14,664,atau,CCONJ,"lainnya,",untuk,I_CRIA
doc:14,665,untuk,SCONJ,atau,menguasai,I_CRIA
doc:14,666,menguasai,VERB,untuk,barang,I_CRIA
doc:14,667,barang,NOUN,menguasai,yang,I_CRIA
doc:14,668,yang,PRON,barang,dicurinya,I_CRIA
doc:14,669,dicurinya,VERB,yang,yang,I_CRIA
doc:14,670,yang,PRON,dicurinya,dilakukan,I_CRIA
doc:14,671,dilakukan,VERB,yang,oleh,I_CRIA
doc:14,672,oleh,ADP,dilakukan,dua,I_CRIA
doc:14,673,dua,NUM,oleh,orang,I_CRIA
doc:14,674,orang,NOUN,dua,atau,I_CRIA
doc:14,675,atau,CCONJ,orang,lebih,I_CRIA
doc:14,676,lebih,ADV,atau,dengan,I_CRIA
doc:14,677,dengan,ADP,lebih,bersekutu”,I_CRIA
doc:14,678,bersekutu”,PUNCT,dengan,melanggar,I_CRIA
doc:14,679,melanggar,VERB,bersekutu”,pasal,I_CRIA
doc:14,680,pasal,NOUN,melanggar,365,B_ARTV
doc:14,681,365,NUM,pasal,ayat,I_ARTV
doc:14,682,ayat,NOUN,365,(2),I_ARTV
doc:14,683,(2),PUNCT,ayat,ke,I_ARTV
doc:14,684,ke,ADP,(2),2e,I_ARTV
doc:14,685,2e,PROPN,ke,kuhp,I_ARTV
doc:14,686,kuhp,NOUN,2e,haidir,E_ARTV
doc:14,687,haidir,PROPN,kuhp,rahman,B_PROS
doc:14,688,rahman,PROPN,haidir,s.h.,I_PROS
doc:14,689,s.h.,PUNCT,rahman,sebagai,E_REGI
doc:14,690,sebagai,ADP,s.h.,ach,E_PROS
doc:14,691,ach,PROPN,sebagai,zainul,B_DEFN
doc:14,692,zainul,PROPN,ach,fikri,I_DEFN
doc:14,693,fikri,PROPN,zainul,bin,I_DEFN
doc:14,694,bin,PROPN,fikri,m,I_DEFN
doc:14,695,m,PROPN,bin,rafi,I_DEFN
doc:14,696,rafi,PROPN,m,said,E_DEFN
doc:14,697,said,PROPN,rafi,bin,B_DEFN
doc:14,698,bin,PROPN,said,abdul,I_DEFN
doc:14,699,abdul,PROPN,bin,hari,I_DEFN
doc:14,700,hari,NOUN,abdul,“penadahan”,E_DEFN
doc:15,701,“penadahan”,PUNCT,hari,melanggar,B_CRIA
doc:15,702,melanggar,VERB,“penadahan”,pasal,I_CRIA
doc:15,703,pasal,NOUN,melanggar,480,B_ARTV
doc:15,704,480,NUM,pasal,ke,I_ARTV
doc:15,705,ke,ADP,480,1,I_ARTV
doc:15,706,1,NUM,ke,kuhp,I_ARTV
doc:15,707,kuhp,NOUN,1,7,E_ARTV
doc:15,708,7,NUM,kuhp,(tujuh),B_PENA
doc:15,709,(tujuh),PUNCT,7,bulan,I_PENA
doc:15,710,bulan,NOUN,(tujuh),“penadahan”,E_PENA
doc:15,711,“penadahan”,PUNCT,bulan,dewi,B_CRIA
doc:15,712,dewi,NOUN,“penadahan”,ika,B_PROS
doc:15,713,ika,PROPN,dewi,agustina,I_PROS
doc:15,714,agustina,PROPN,ika,s.h,I_PROS
doc:15,715,s.h,PUNCT,agustina,arbai,E_REGI
doc:15,716,arbai,PUNCT,s.h,bin,B_DEFN
doc:15,717,bin,PROPN,arbai,niun,I_DEFN
doc:15,718,niun,PUNCT,bin,.,E_DEFN
